,pl_hostname,pl_orbeccen,pl_orbper,SNR
504,PSR J1719-1438,  0.06,0.09071,0.001331
343,PSR J2322-2650,0.0017, 0.323,4.899e-05
1477,KELT-1,0.0099, 1.218,1.106e-05
587,WASP-43,     0,0.8135,6.012e-06
157,WASP-19, 0.002,0.7888,1.734e-06
303,HATS-18, 0.166,0.8378,1.649e-06
1186,KELT-16,     0, 0.969,1.618e-06
1536,KELT-9,     0, 1.481,1.223e-06
50,HATS-24, 0.242, 1.348,8.019e-07
1006,tau Boo, 0.011, 3.312,7.64e-07
1241,TrES-3,     0, 1.306,5.474e-07
